display_order	imdb_id	year	title
1	tt1630029	2022	Avatar: The Way of Water
2	tt1160419	2021	Dune
3	tt9032400	2021	Eternals
4	tt9376612	2021	Shang-Chi and the Legend of the Ten Rings
5	tt3480822	2021	Black Widow
6	tt0437086	2019	Alita: Battle Angel
7	tt2527338	2019	Star Wars: Episode IX - The Rise of Skywalker
8	tt4154796	2019	Avengers: Endgame
9	tt4154664	2019	Captain Marvel
10	tt1979376	2019	Toy Story 4
11	tt6105098	2019	The Lion King
12	tt4520988	2019	Frozen II
13	tt6320628	2019	Spider-Man: Far from Home
14	tt2386490	2019	How to Train Your Dragon: The Hidden World
15	tt1477834	2018	Aquaman
16	tt4633694	2018	Spider-Man: Into the Spider-Verse
17	tt4154756	2018	Avengers: Infinity War
18	tt1825683	2018	Black Panther
19	tt3606756	2018	Incredibles 2
20	tt3778644	2018	Solo: A Star Wars Story
21	tt5095030	2018	Ant-Man and the Wasp
22	tt1677720	2018	Ready Player One
23	tt4701182	2018	Bumblebee
24	tt4881806	2018	Jurassic World: Fallen Kingdom
25	tt2527336	2017	Star Wars: Episode VIII - The Last Jedi
26	tt3896198	2017	Guardians of the Galaxy Vol. 2
27	tt3501632	2017	Thor: Ragnarok
28	tt2250912	2017	Spider-Man: Homecoming
29	tt1856101	2017	Blade Runner 2049
30	tt0451279	2017	Wonder Woman
31	tt3315342	2017	Logan
32	tt3450958	2017	War for the Planet of the Apes
33	tt2380307	2017	Coco
34	tt2771200	2017	Beauty and the Beast
35	tt1211837	2016	Doctor Strange
36	tt3498820	2016	Captain America: Civil War
37	tt3040964	2016	The Jungle Book
38	tt2948356	2016	Zootopia
39	tt2277860	2016	Finding Dory
40	tt4302938	2016	Kubo and the Two Strings
41	tt3748528	2016	Rogue One: A Star Wars Story
42	tt3521164	2016	Moana
43	tt3183660	2016	Fantastic Beasts and Where to Find Them
44	tt3385516	2016	X-Men: Apocalypse
45	tt2975590	2016	Batman v Superman: Dawn of Justice
46	tt2096673	2015	Inside Out
47	tt1392190	2015	Mad Max: Fury Road
48	tt3659388	2015	The Martian
49	tt2488496	2015	Star Wars: Episode VII - The Force Awakens
50	tt2395427	2015	Avengers: Age of Ultron
51	tt2245084	2014	Big Hero 6
52	tt2015381	2014	Guardians of the Galaxy
53	tt1843866	2014	Captain America: The Winter Soldier
54	tt1877832	2014	X-Men: Days of Future Past
55	tt2103281	2014	Dawn of the Planet of the Apes
56	tt1631867	2014	Edge of Tomorrow
57	tt1490017	2014	The Lego Movie
58	tt1646971	2014	How to Train Your Dragon 2
59	tt2310332	2014	The Hobbit: The Battle of the Five Armies
60	tt2294629	2013	Frozen
61	tt1454468	2013	Gravity
62	tt1300854	2013	Iron Man 3
63	tt1981115	2013	Thor: The Dark World
64	tt1663662	2013	Pacific Rim
65	tt1690953	2013	Despicable Me 2
66	tt1772341	2012	Wreck-It Ralph
67	tt0848228	2012	The Avengers
68	tt0454876	2012	Life of Pi
69	tt0903624	2012	The Hobbit: An Unexpected Journey
70	tt1217209	2012	Brave
71	tt1446714	2012	Prometheus
72	tt0983193	2011	The Adventures of Tintin
73	tt0970179	2011	Hugo
74	tt1201607	2011	Harry Potter and the Deathly Hallows: Part 2
75	tt1298650	2011	Pirates of the Caribbean: On Stranger Tides
76	tt1318514	2011	Rise of the Planet of the Apes
77	tt1302011	2011	Kung Fu Panda 2
78	tt0448694	2011	Puss in Boots
79	tt0892769	2010	How to Train Your Dragon
80	tt1001526	2010	Megamind
81	tt0435761	2010	Toy Story 3
82	tt1014759	2010	Alice in Wonderland
83	tt0892791	2010	Shrek Forever After
84	tt0926084	2010	Harry Potter and the Deathly Hallows: Part 1
85	tt0398286	2010	Tangled
86	tt0499549	2009	Avatar
87	tt1049413	2009	Up
88	tt0327597	2009	Coraline
89	tt0382932	2007	Ratatouille
90	tt0317219	2006	Cars
91	tt0266543	2003	Finding Nemo
92	tt0126029	2001	Shrek
93	tt0198781	2001	Monsters, Inc.
94	tt0120363	1999	Toy Story 2
95	tt0114709	1995	Toy Story
96	tt0107290	1993	Jurassic Park
97	tt0046876	1954	Creature from the Black Lagoon
98	tt0046911	1954	Dial M for Murder
99	tt0045888	1953	House of Wax
100	tt0045963	1953	Kiss Me Kate
